DoctorKey,AreaOfMedicine,EmailAddress,FirstName,LastName,PhoneNumber,AddressLine1,AddressLine2,City,State,Zip
D1,ALLERGY & IMMUNOLOGY,andersondakota@hotmail.com,Timothy,Johnston,(537)899-1738,6800 Garcia Ways Suite 015,Suite 528,East Savannah,Mississippi,97448
D2,PATHOLOGY,james95@yahoo.com,Derrick,Wilson,211-363-8348x38369,5717 Mills Creek,Suite 816,East Blake,Colorado,58832
D3,OBSTETRICS AND GYNECOLOGY,randallbrown@daniels.com,Samuel,Wise,+1-600-221-8369,660 Jeremy Lock,Suite 657,Jasonfurt,North Dakota,70204
D4,PATHOLOGY,rachel71@yahoo.com,Michelle,Harrington,(524)642-2015,69914 Frazier Square,Suite 590,Jasonport,Michigan,03201
D5,OPHTHALMOLOGY,robert37@bond.com,Angela,Lucas,255-251-3230x94927,8106 Hunter Brooks,Apt. 076,Port Allenside,Louisiana,66760
D6,MEDICAL GENETICS,englishlisa@mooney.net,Paul,Alvarez,(143)986-6570,237 Mitchell Curve,Apt. 907,Port Jason,Virginia,05020
D7,DIAGNOSTIC RADIOLOGY,elizabethlewis@gmail.com,Xavier,Rice,405.176.3641x338,1113 Benson Island,Suite 227,Danielport,Idaho,20331
D8,FAMILY MEDICINE,edwardwagner@yahoo.com,Lisa,Durham,001-106-651-0187,917 David Stream,Apt. 619,Matthewchester,Maryland,49845
D9,PREVENTIVE MEDICINE,burgessaaron@gmail.com,Richard,Carlson,225-634-0875,34224 Julie Haven,Suite 727,Sheltonfurt,Missouri,73100
D10,UROLOGY,ashleekidd@patel.biz,Michael,Gallagher,706-027-2749x9962,297 Joseph Lodge Suite 785,Suite 635,Mooreland,New Jersey,46564
D11,PREVENTIVE MEDICINE,sjohnson@hotmail.com,David,Johnson,001-833-886-8145x6826,602 Cheryl Key Suite 398,Suite 640,Allisonview,Maine,68016
D12,MEDICAL GENETICS,lmendez@yahoo.com,Daniel,Garrett,001-624-427-1965x85469,4158 Taylor Fields,Apt. 451,Susanmouth,Missouri,71815
D13,NEUROLOGY,james78@herrera.com,Christina,Duncan,329-471-0366x65881,2653 Brown Glen Suite 944,Suite 280,Alexandermouth,Alaska,98663
D14,EMERGENCY MEDICINE,keithsnyder@hotmail.com,Stacy,Moore,010.570.6898x734,796 Salas Greens Apt. 869,Apt. 700,South Jacquelineland,Colorado,06390
D15,MEDICAL GENETICS,anthonyhill@gmail.com,Lindsay,Jones,130-817-0257,2954 Collins Hollow,Apt. 068,East Chad,Utah,39145
D16,EMERGENCY MEDICINE,kpitts@hotmail.com,Matthew,Bradley,(982)483-4310x373,080 Adams Common Suite 205,Suite 817,South Amandatown,Maine,29329
D17,INTERNAL MEDICINE,laura71@gonzales.com,Joseph,Wood,001-697-764-3263x402,219 Bennett Inlet Suite 341,Suite 857,Port Danielle,North Carolina,89643
D18,PHYSICAL MEDICINE & REHABILITATION,amadden@gmail.com,Alexander,Peterson,+1-521-103-0581x10600,3069 Jerry Rapid,Apt. 333,West Dwaynemouth,Maine,02055
D19,DIAGNOSTIC RADIOLOGY,jessicaedwards@yahoo.com,Tyler,Salas,509.795.0980,26308 Brenda Crest,Apt. 703,Simpsonfurt,Maryland,43100
D20,DIAGNOSTIC RADIOLOGY,matthewcampbell@hotmail.com,Shawn,Harris,032-095-7146x99783,674 King Keys Suite 942,Suite 350,West Christina,West Virginia,29512
D21,PEDIATRICS,todd96@grimes-doyle.info,Michael,Becker,(350)401-4050,47967 Dana Plaza,Suite 155,East Briannahaven,California,47582
D22,OPHTHALMOLOGY,jamiechan@webb.biz,Katherine,Kelly,256.742.4517x4940,136 Brian Trace,Suite 460,North Katiechester,New Hampshire,03522
D23,ANESTHESIOLOGY,rodriguezkelly@gonzales.com,Angela,Wagner,+1-986-126-5327x781,204 Alexander Villages,Apt. 576,New Jasmine,Texas,49953
D24,MEDICAL GENETICS,emiller@munoz.info,Brian,Shepherd,+1-774-980-3289x02764,8562 Phelps Squares Suite 619,Apt. 741,East Barbara,Wyoming,36234
D25,ANESTHESIOLOGY,victoriajones@yahoo.com,Scott,Baxter,830-930-8817x5650,6540 Francisco Mountains Apt. 928,Apt. 215,Stevenport,Georgia,20331
D26,PEDIATRICS,wnelson@olson-horne.com,David,Barrera,539.294.1310x40138,3690 Raven Grove,Suite 451,West Thomasville,Massachusetts,48135
D27,OBSTETRICS AND GYNECOLOGY,stevensdeanna@hotmail.com,Eric,Winters,532.900.9781x83559,430 Sutton Neck Suite 475,Apt. 319,Abigailfurt,Pennsylvania,06155
D28,FAMILY MEDICINE,csimmons@sullivan-camacho.info,Nancy,Shah,4113945974,901 Selena Center,Apt. 684,Murphyborough,Wisconsin,27435
D29,DIAGNOSTIC RADIOLOGY,rachelmoore@gmail.com,William,Gordon,+1-098-601-1654,602 Shaffer Harbor Suite 936,Apt. 723,New Melissafurt,Minnesota,51428
D30,NEUROLOGY,allengina@gmail.com,Ryan,Todd,(331)904-3343x1618,02341 Blair Burgs,Apt. 289,Williamborough,Rhode Island,41271
D31,OBSTETRICS AND GYNECOLOGY,christypope@mitchell.net,Danielle,Fletcher,845-358-1572x49615,9855 Briana Springs Apt. 353,Suite 268,Lake Danielhaven,Tennessee,26069
D32,PSYCHIATRY,zcalhoun@gmail.com,Patricia,Wiley,314-368-2776x97968,033 Christian Island Suite 359,Apt. 535,Nataliechester,North Dakota,44707
D33,MEDICAL GENETICS,barrydana@hotmail.com,Martha,Huerta,001-725-236-0971x128,730 Castillo Avenue Apt. 773,Apt. 933,Port David,North Carolina,59346
D34,PEDIATRICS,ahayes@gould-thomas.com,Elizabeth,Stein,(300)558-0141x84091,435 Terri Valleys,Suite 292,West Connor,New Mexico,71064
D35,DERMATOLOGY,qgonzalez@hotmail.com,Chelsea,Sullivan,+1-228-197-8826,98415 Benjamin Junction Suite 822,Apt. 598,West Christopher,Hawaii,20040
D36,MEDICAL GENETICS,elizabeth97@walker.net,Laura,Archer,(281)346-5339x8259,202 Nelson Isle Apt. 066,Apt. 011,New Jayborough,Nevada,87133
D37,ALLERGY & IMMUNOLOGY,tiffany40@yahoo.com,Christopher,Lee,(925)824-4543x425,531 Thomas Burgs,Suite 723,West Donald,Connecticut,68085
D38,EMERGENCY MEDICINE,fisherchristina@wilson.com,Sharon,Maxwell,001-615-986-3787x73460,58705 Tim Stravenue,Apt. 077,Lake Julia,Maryland,36072
D39,PEDIATRICS,rodriguezjoe@hill.com,Danielle,Gonzales,001-003-173-3856,38686 Roberts Street Apt. 579,Suite 605,South Vincentburgh,Hawaii,57685
D40,NUCLEAR MEDICINE,susan86@rodriguez.com,Kathy,Reed,329-627-2901x707,63237 Salas Fall,Suite 590,North Sarahport,Rhode Island,87177
D41,DERMATOLOGY,jason81@johnson-robinson.com,Stephanie,Miller,001-042-291-3906x696,3898 Lynch Underpass Suite 700,Suite 901,West Timothy,Colorado,01514
D42,ANESTHESIOLOGY,ellen21@green-klein.com,Russell,Owen,001-979-864-7160x50994,5648 Melissa Shore,Apt. 175,New Julie,Kansas,71764
D43,OBSTETRICS AND GYNECOLOGY,gallowaysydney@hotmail.com,Rebecca,Zimmerman,2548524280,043 Monica Row,Suite 079,West Jessicaport,Florida,06196
D44,PEDIATRICS,hamiltonjoseph@yahoo.com,Beth,Reynolds,701-980-1268x04516,32434 Angela Dam Suite 896,Apt. 768,Lake Christine,California,73183
D45,INTERNAL MEDICINE,lisagibson@williams-jones.info,Aaron,Lowe,+1-314-380-0370,1293 Rachel Hollow Apt. 728,Apt. 354,North Derekchester,Alabama,05235
D46,PATHOLOGY,jason66@sullivan.com,Michele,Roberts,+1-193-181-7493x139,06450 Gonzalez Manors,Suite 962,Webershire,Nevada,73173
D47,UROLOGY,gardnerbruce@yahoo.com,Kevin,Day,+1-854-993-7573x53239,8314 Lee Ferry Suite 406,Suite 028,Sandershaven,Colorado,87881
D48,OBSTETRICS AND GYNECOLOGY,sheryl55@valdez.info,Robert,Romero,(701)578-9036x327,6309 Gallegos Corners Apt. 485,Suite 697,Nicoleborough,Alaska,20040
D49,FAMILY MEDICINE,marthadavis@hotmail.com,David,Martin,+1-618-168-9619x9252,447 Vang Lodge Apt. 704,Apt. 196,Martinezland,Delaware,02666
D50,UROLOGY,ihanson@gmail.com,Emily,Lloyd,502.180.3960x51834,425 David Bypass Suite 289,Apt. 669,Hallton,North Dakota,48761
D51,FAMILY MEDICINE,bsmith@gmail.com,Laura,Mccoy,562.438.9032x647,23522 Erika Road,Suite 157,Ramireztown,North Carolina,05424
D52,FAMILY MEDICINE,foxjill@brown-cortez.biz,Cody,Harrison,836.256.9184x14122,87211 Anderson Unions,Apt. 954,Chaseshire,Oklahoma,60168
D53,UROLOGY,steven85@roth.com,Kim,Townsend,327.242.4464x34669,619 Guzman Haven,Suite 486,Smithtown,Alabama,20040
D54,DIAGNOSTIC RADIOLOGY,onealbrianna@gmail.com,Margaret,Cox,001-346-351-8175,91218 Gary Plain,Apt. 530,Carrieberg,Michigan,43759
D55,PREVENTIVE MEDICINE,julie03@romero.info,Lisa,Ferguson,276-865-6991x2085,70073 Rodney Fort Apt. 155,Suite 475,Littletown,Kentucky,49389
D56,DERMATOLOGY,villamichael@hotmail.com,Julia,Morgan,0855398499,58721 Michael Circle Suite 481,Suite 548,West Russellside,Illinois,28168
D57,NUCLEAR MEDICINE,harperanthony@daniels-armstrong.com,Valerie,Mason,860-667-4813,64583 Sydney Plaza,Suite 477,New Theresa,Wisconsin,07296
D58,OBSTETRICS AND GYNECOLOGY,ryan60@yahoo.com,Amber,Carter,591-857-5192x260,595 Laurie Keys,Apt. 154,Lake Jamesborough,Nevada,68021
D59,ANESTHESIOLOGY,georgegriffin@mcintosh-cummings.com,Jennifer,Perez,869.405.8436,7688 Joel Wells Suite 605,Suite 219,Crystalview,Idaho,38578
D60,OPHTHALMOLOGY,mariaspencer@yahoo.com,Jennifer,Gill,(408)095-5114x2402,83864 Morgan Fields Suite 881,Suite 889,Taylorborough,Delaware,02920
D61,SURGERY,champton@yahoo.com,Cindy,Donovan,001-130-663-2595x870,5696 Ortega Throughway Apt. 117,Suite 847,New Jacqueline,North Dakota,17276
D62,PREVENTIVE MEDICINE,ginabriggs@holder-moody.com,Katie,Nguyen,9662189603,8788 Anderson Valleys,Apt. 055,Keithfort,Oklahoma,99028
D63,NUCLEAR MEDICINE,smithbrett@yahoo.com,Evan,Bray,921-091-5405,21151 Elizabeth Ridge,Suite 721,Ramirezport,Iowa,05219
D64,DIAGNOSTIC RADIOLOGY,melissa86@hotmail.com,Elizabeth,Lopez,+1-752-354-6940x7613,0091 Garza Ranch Suite 307,Apt. 663,Lake Zoeshire,Idaho,17902
D65,PHYSICAL MEDICINE & REHABILITATION,ellisjoanna@yahoo.com,Abigail,Vazquez,001-092-501-9560x22686,3640 Sydney Track Apt. 285,Apt. 808,Port Marystad,Wisconsin,26117
D66,PEDIATRICS,gonzalescindy@diaz.net,Richard,Lucas,+1-207-892-3363x4951,65605 White Dale Suite 506,Suite 294,Port Erinside,Pennsylvania,19919
D67,INTERNAL MEDICINE,williamschristine@gmail.com,Kimberly,Gregory,001-868-366-1176x717,5897 Hensley Stravenue Apt. 406,Suite 341,Grayport,Kentucky,25450
D68,MEDICAL GENETICS,kanderson@pierce.com,Victor,Fisher,609-337-0016x80881,4626 Jacobs Neck Suite 776,Apt. 224,Deanshire,Virginia,72057
D69,ALLERGY & IMMUNOLOGY,hillchristopher@gmail.com,Johnathan,May,+1-085-031-7766x77087,352 Anthony Dam,Suite 205,Perezberg,Idaho,99696
D70,PSYCHIATRY,christine53@hotmail.com,Tiffany,Frederick,9242768685,10677 Alex Greens Suite 857,Suite 335,Ramirezmouth,North Dakota,30407
D71,DERMATOLOGY,umorales@hotmail.com,Crystal,Kirby,703-575-4785x770,50433 Amanda Lane,Suite 317,New Mark,Michigan,31104
D72,ALLERGY & IMMUNOLOGY,cynthia93@gmail.com,Bethany,Smith,001-259-211-6452x20152,588 Vincent Viaduct,Apt. 526,North Cindy,Utah,05398
D73,PEDIATRICS,spencerrobert@mcclain.org,Amy,Shields,486.126.8932,5785 Michael Lake Suite 497,Suite 912,Reedland,South Dakota,81164
D74,NUCLEAR MEDICINE,smithjennifer@carroll.com,Mark,Coleman,+1-974-498-4177x9337,16747 Walker Lock,Suite 774,Lopezborough,Nebraska,29502
D75,NEUROLOGY,ivasquez@gmail.com,Travis,Guzman,623.137.7474x249,1175 Anna Isle Suite 768,Apt. 500,Mitchellport,Georgia,58699
D76,NUCLEAR MEDICINE,kimberlyrichards@may.org,Charles,Wright,(387)088-0654x810,6391 William Branch Apt. 398,Apt. 436,East Tommouth,Illinois,07148
D77,DIAGNOSTIC RADIOLOGY,eberry@gmail.com,Joseph,Strong,001-625-914-9287,0091 Smith Port,Suite 806,Wrightville,New Mexico,29282
D78,PREVENTIVE MEDICINE,vhebert@gmail.com,Nina,Roy,(119)193-8493,237 Chen Ville Suite 593,Suite 809,Kristinebury,Idaho,01279
D79,DERMATOLOGY,theresacarr@yahoo.com,Dustin,Arnold,001-007-586-2647x076,26219 Pollard Ford,Suite 486,Chapmanmouth,Vermont,57702
D80,RADIATION ONCOLOGY,marvin49@bates-marsh.com,Brandon,West,0910611513,67161 Brown Pine,Apt. 338,Normashire,South Carolina,03411
D81,NEUROLOGY,palmerjerry@love.org,Todd,Acevedo,1671875142,5667 Krystal Brooks Apt. 241,Suite 327,New Lauren,Tennessee,25487
D82,OPHTHALMOLOGY,jessescott@perez-gonzalez.com,Mark,Taylor,(779)106-6922x71189,08078 Hatfield Vista,Suite 629,Thomasport,Hawaii,34731
D83,ALLERGY & IMMUNOLOGY,christinamueller@hotmail.com,Belinda,Mann,133.116.3129x77912,07998 Chambers Neck Apt. 491,Apt. 108,Johnsonbury,Washington,97511
D84,MEDICAL GENETICS,mooreerica@hotmail.com,Margaret,Porter,001-196-963-7036x2350,579 Mosley Mission,Apt. 876,Port Nataliehaven,Ohio,19762
D85,UROLOGY,jacobdavis@gmail.com,Sharon,Weiss,997-743-5445,684 Edwin Ford,Apt. 548,Pughside,Hawaii,54349
D86,RADIATION ONCOLOGY,ghenry@gmail.com,Jessica,Vaughan,001-731-328-3345x29680,60389 Jesse Harbors,Suite 787,Kellybury,Oregon,04390
D87,OPHTHALMOLOGY,mooresamantha@gmail.com,April,Davis,001-132-847-1143x53563,165 Jones Drives,Suite 996,Bartonmouth,New York,05448
D88,DERMATOLOGY,julie71@yahoo.com,Brittany,Ross,+1-645-096-9631x7487,37888 Tara Stream Suite 893,Suite 108,Colleenborough,Florida,20037
D89,EMERGENCY MEDICINE,yburns@williams.info,Maria,Padilla,8884980044,09674 Trujillo Ford Apt. 740,Apt. 598,Smithburgh,Florida,44166
D90,ALLERGY & IMMUNOLOGY,cgomez@townsend.com,Heather,Wright,002-826-2760,81559 Perkins Locks,Suite 052,North Davidfurt,Indiana,83049
D91,ANESTHESIOLOGY,cmiller@gmail.com,Logan,Butler,001-812-843-7078,3127 Crane Station Apt. 744,Apt. 694,South Travis,Idaho,03527
D92,PREVENTIVE MEDICINE,adriana67@gmail.com,Holly,Haney,331-130-8205,05679 Alicia Forest,Suite 280,Rileyborough,New Mexico,82895
D93,INTERNAL MEDICINE,lisabishop@gmail.com,Randy,Walton,001-482-963-6970x761,703 Landry Station Suite 747,Apt. 824,Rogersland,Georgia,73007
D94,DERMATOLOGY,phall@gmail.com,Scott,Conner,095.298.8427,22536 John Walks Apt. 876,Suite 978,Maldonadofurt,South Dakota,82749
D95,INTERNAL MEDICINE,huffmanashley@torres.com,Scott,Cook,+1-716-924-7980,1020 Hernandez Way,Suite 937,Lake Christopherstad,Louisiana,55597
D96,NUCLEAR MEDICINE,gabriellemcfarland@gmail.com,Brandon,Walker,499-720-0104,33539 Carl Stream Apt. 609,Apt. 498,Lake Darrylland,Florida,82933
D97,UROLOGY,andrewgordon@davis.net,Natasha,Cox,+1-161-663-9234x604,53516 Kelley Well,Apt. 749,West Meganville,West Virginia,39103
D98,MEDICAL GENETICS,palmermichael@perez-li.org,Danielle,Anthony,429-178-6183,192 Jonathan Forges,Suite 411,Danielhaven,Alabama,20018
D99,SURGERY,kingpaul@gmail.com,Eric,Bennett,(730)163-3233x880,9756 April Creek Apt. 325,Suite 563,Tracymouth,Massachusetts,49419
D100,DERMATOLOGY,lhunt@yahoo.com,Timothy,Perez,057.169.1786,660 Moyer Row,Apt. 114,Patriciaton,Virginia,44321
