IllnessKey,Name,Severity
1,I1,Medium
2,I2,Low
3,I3,Medium
4,I4,Medium
5,I5,Medium
6,I6,High
7,I7,Low
8,I8,Medium
9,I9,High
10,I10,Low
11,I11,Medium
12,I12,Medium
13,I13,Medium
14,I14,Medium
15,I15,Medium
16,I16,Medium
17,I17,Low
18,I18,Low
19,I19,Medium
20,I20,High
21,I21,Medium
22,I22,Medium
23,I23,High
24,I24,High
25,I25,High
26,I26,Low
27,I27,High
28,I28,Low
29,I29,Low
30,I30,Medium
31,I31,Low
32,I32,Medium
33,I33,High
34,I34,High
35,I35,Medium
36,I36,Low
37,I37,Medium
38,I38,Medium
39,I39,High
40,I40,Low
41,I41,Medium
42,I42,High
43,I43,Low
44,I44,Medium
45,I45,Medium
46,I46,High
47,I47,High
48,I48,Low
49,I49,Medium
50,I50,High
51,I51,High
52,I52,Medium
53,I53,High
54,I54,Medium
55,I55,Low
56,I56,High
57,I57,Medium
58,I58,Medium
59,I59,Low
60,I60,Medium
61,I61,High
62,I62,High
63,I63,Medium
64,I64,Low
65,I65,High
66,I66,Low
67,I67,Low
68,I68,High
69,I69,High
70,I70,Low
71,I71,Low
72,I72,Low
73,I73,Low
74,I74,Medium
75,I75,Medium
76,I76,Medium
77,I77,High
78,I78,High
79,I79,Low
80,I80,Medium
81,I81,Low
82,I82,High
83,I83,High
84,I84,High
85,I85,Low
86,I86,Medium
87,I87,Low
88,I88,High
89,I89,Medium
90,I90,Medium
91,I91,Low
92,I92,High
93,I93,Medium
94,I94,High
95,I95,Low
96,I96,High
97,I97,High
98,I98,High
99,I99,Low
100,I100,Low
101,I101,Medium
102,I102,High
103,I103,High
104,I104,Medium
105,I105,Low
106,I106,Medium
107,I107,Medium
108,I108,Medium
109,I109,High
110,I110,Low
111,I111,Medium
112,I112,Low
113,I113,Medium
114,I114,High
115,I115,High
116,I116,Low
117,I117,Medium
118,I118,Medium
119,I119,Low
120,I120,High
121,I121,High
122,I122,High
123,I123,Medium
124,I124,Medium
125,I125,High
126,I126,Low
127,I127,High
128,I128,Medium
129,I129,High
130,I130,High
131,I131,Low
132,I132,High
133,I133,Medium
134,I134,Medium
135,I135,High
136,I136,Medium
137,I137,High
138,I138,High
139,I139,Medium
140,I140,Medium
141,I141,Low
142,I142,Medium
143,I143,Medium
144,I144,Medium
145,I145,High
146,I146,Low
147,I147,High
148,I148,Low
149,I149,Medium
150,I150,High
151,I151,High
152,I152,High
153,I153,Medium
154,I154,Low
155,I155,High
156,I156,High
157,I157,Medium
158,I158,High
159,I159,High
160,I160,Medium
161,I161,High
162,I162,Medium
163,I163,High
164,I164,High
165,I165,Low
166,I166,Low
167,I167,Medium
168,I168,Medium
169,I169,Medium
170,I170,High
171,I171,Medium
172,I172,Medium
173,I173,High
174,I174,High
175,I175,Low
176,I176,High
177,I177,Medium
178,I178,High
179,I179,High
180,I180,Low
181,I181,Medium
182,I182,High
183,I183,Low
184,I184,High
185,I185,Medium
186,I186,Medium
187,I187,Medium
188,I188,Low
189,I189,Low
190,I190,High
191,I191,Medium
192,I192,Medium
193,I193,Low
194,I194,High
195,I195,High
196,I196,Low
197,I197,High
198,I198,Medium
199,I199,High
200,I200,Medium
201,I201,High
202,I202,High
203,I203,High
204,I204,Medium
205,I205,Medium
206,I206,Medium
207,I207,Medium
208,I208,Low
209,I209,Low
210,I210,Low
211,I211,Low
212,I212,High
213,I213,Low
214,I214,Medium
215,I215,High
216,I216,High
217,I217,Medium
218,I218,Low
219,I219,Low
220,I220,Medium
221,I221,High
222,I222,Medium
223,I223,High
224,I224,High
225,I225,Medium
226,I226,Medium
227,I227,High
228,I228,High
229,I229,Medium
230,I230,Low
231,I231,Low
232,I232,Medium
233,I233,High
234,I234,High
235,I235,Medium
236,I236,Medium
237,I237,High
238,I238,Low
239,I239,High
240,I240,High
241,I241,Low
242,I242,Low
243,I243,Medium
244,I244,High
245,I245,Low
246,I246,Low
247,I247,Medium
248,I248,High
249,I249,Low
250,I250,Medium
251,I251,Medium
252,I252,Low
253,I253,Medium
254,I254,High
255,I255,Low
256,I256,High
257,I257,Medium
258,I258,Low
259,I259,Medium
260,I260,Low
261,I261,Medium
262,I262,High
263,I263,Low
264,I264,Low
265,I265,Low
266,I266,High
267,I267,High
268,I268,High
269,I269,Medium
270,I270,Low
271,I271,Low
272,I272,High
273,I273,High
274,I274,High
275,I275,Low
276,I276,Low
277,I277,High
278,I278,Low
279,I279,High
280,I280,Medium
281,I281,Low
282,I282,Medium
283,I283,High
284,I284,Medium
285,I285,Medium
286,I286,High
287,I287,Medium
288,I288,Low
289,I289,Low
290,I290,Medium
291,I291,High
292,I292,Low
293,I293,High
294,I294,Medium
295,I295,Low
296,I296,Medium
297,I297,Low
298,I298,High
299,I299,High
300,I300,Low
301,I301,Medium
302,I302,Medium
303,I303,Low
304,I304,Low
305,I305,Medium
306,I306,Low
307,I307,Medium
308,I308,High
309,I309,High
310,I310,Medium
311,I311,High
312,I312,Low
313,I313,Medium
314,I314,High
315,I315,Low
316,I316,Low
317,I317,Medium
318,I318,High
319,I319,High
320,I320,High
321,I321,Medium
322,I322,Low
323,I323,Low
324,I324,High
325,I325,High
326,I326,Low
327,I327,Medium
328,I328,High
329,I329,High
330,I330,Low
331,I331,Low
332,I332,High
333,I333,High
334,I334,High
335,I335,High
336,I336,High
337,I337,Medium
338,I338,Low
339,I339,High
340,I340,Medium
341,I341,Medium
342,I342,Low
343,I343,Low
344,I344,Medium
345,I345,Medium
346,I346,Low
347,I347,Low
348,I348,Medium
349,I349,Medium
350,I350,Low
351,I351,Low
352,I352,Low
353,I353,Low
354,I354,High
355,I355,High
356,I356,Medium
357,I357,High
358,I358,High
359,I359,High
360,I360,Low
361,I361,High
362,I362,Medium
363,I363,Low
364,I364,Medium
365,I365,Low
366,I366,Low
367,I367,Low
368,I368,Low
369,I369,High
370,I370,High
371,I371,Medium
372,I372,Low
373,I373,Medium
374,I374,Low
375,I375,Low
376,I376,High
377,I377,Medium
378,I378,High
379,I379,Medium
380,I380,High
381,I381,Low
382,I382,Medium
383,I383,High
384,I384,Low
385,I385,High
386,I386,Medium
387,I387,Medium
388,I388,Low
389,I389,High
390,I390,High
391,I391,High
392,I392,High
393,I393,High
394,I394,High
395,I395,High
396,I396,Medium
397,I397,Low
398,I398,Low
399,I399,Medium
400,I400,Low
401,I401,High
402,I402,Low
403,I403,Low
404,I404,Medium
405,I405,High
406,I406,Medium
407,I407,High
408,I408,High
409,I409,High
410,I410,Low
411,I411,Low
412,I412,Medium
413,I413,Medium
414,I414,Low
415,I415,Low
416,I416,High
417,I417,High
418,I418,Low
419,I419,Medium
420,I420,Medium
421,I421,Medium
422,I422,Low
423,I423,High
424,I424,Medium
425,I425,Medium
426,I426,Low
427,I427,Medium
428,I428,Low
429,I429,High
430,I430,High
431,I431,Medium
432,I432,High
433,I433,Medium
434,I434,Low
435,I435,Low
436,I436,Medium
437,I437,Low
438,I438,Medium
439,I439,Medium
440,I440,High
441,I441,Medium
442,I442,Medium
443,I443,High
444,I444,High
445,I445,Low
446,I446,Low
447,I447,Low
448,I448,Medium
449,I449,Low
450,I450,Low
451,I451,Medium
452,I452,Medium
453,I453,Low
454,I454,Medium
455,I455,High
456,I456,High
457,I457,Low
458,I458,Low
459,I459,Medium
460,I460,High
461,I461,Low
462,I462,Medium
463,I463,High
464,I464,Low
465,I465,Low
466,I466,High
467,I467,Low
468,I468,Low
469,I469,Medium
470,I470,Medium
471,I471,High
472,I472,Low
473,I473,Low
474,I474,Low
475,I475,Low
476,I476,Medium
477,I477,High
478,I478,High
479,I479,Low
480,I480,High
481,I481,Medium
482,I482,High
483,I483,Medium
484,I484,High
485,I485,Low
486,I486,Medium
487,I487,Low
488,I488,High
489,I489,Medium
490,I490,Medium
491,I491,Low
492,I492,Low
493,I493,High
494,I494,High
495,I495,Medium
496,I496,High
497,I497,High
498,I498,Medium
499,I499,Medium
500,I500,High
501,I501,Low
502,I502,Low
503,I503,Low
504,I504,Medium
505,I505,Medium
506,I506,High
507,I507,Low
508,I508,High
509,I509,Medium
510,I510,Low
511,I511,Low
512,I512,Medium
513,I513,Low
514,I514,High
515,I515,Medium
516,I516,High
517,I517,High
518,I518,Low
519,I519,High
520,I520,Medium
521,I521,Medium
522,I522,Medium
523,I523,Medium
524,I524,High
525,I525,Low
526,I526,Medium
527,I527,Medium
528,I528,Medium
529,I529,High
530,I530,High
531,I531,Low
532,I532,Low
533,I533,Low
534,I534,Medium
535,I535,High
536,I536,Medium
537,I537,Medium
538,I538,Medium
539,I539,High
540,I540,Low
541,I541,Medium
542,I542,Low
543,I543,High
544,I544,Medium
545,I545,Low
546,I546,Medium
547,I547,Medium
548,I548,High
549,I549,Medium
550,I550,Low
551,I551,High
552,I552,Medium
553,I553,High
554,I554,Low
555,I555,Medium
556,I556,Medium
557,I557,High
558,I558,High
559,I559,Low
560,I560,High
561,I561,High
562,I562,Medium
563,I563,Medium
564,I564,Medium
565,I565,Medium
566,I566,Medium
567,I567,Medium
568,I568,Medium
569,I569,Medium
570,I570,High
571,I571,High
572,I572,High
573,I573,Medium
574,I574,Low
575,I575,High
576,I576,High
577,I577,High
578,I578,Low
579,I579,Medium
580,I580,High
581,I581,Medium
582,I582,Medium
583,I583,High
584,I584,Medium
585,I585,High
586,I586,Low
587,I587,High
588,I588,Low
589,I589,High
590,I590,Medium
591,I591,Low
592,I592,Medium
593,I593,Low
594,I594,Medium
595,I595,Low
596,I596,High
597,I597,High
598,I598,Low
599,I599,High
600,I600,High
601,I601,High
602,I602,High
603,I603,High
604,I604,Low
605,I605,Medium
606,I606,High
607,I607,High
608,I608,Low
609,I609,Medium
610,I610,Medium
611,I611,Low
612,I612,Medium
613,I613,Low
614,I614,High
615,I615,Medium
616,I616,High
617,I617,High
618,I618,Low
619,I619,High
620,I620,Low
621,I621,Low
622,I622,High
623,I623,High
624,I624,Medium
625,I625,Medium
626,I626,Medium
627,I627,Medium
628,I628,Medium
629,I629,Low
630,I630,High
631,I631,High
632,I632,Low
633,I633,High
634,I634,Medium
635,I635,Medium
636,I636,High
637,I637,Low
638,I638,Low
639,I639,Medium
640,I640,Medium
641,I641,Medium
642,I642,Low
643,I643,High
644,I644,High
645,I645,Low
646,I646,Medium
647,I647,Low
648,I648,Low
649,I649,Low
650,I650,Low
651,I651,High
652,I652,High
653,I653,Medium
654,I654,Low
655,I655,Medium
656,I656,Low
657,I657,Low
658,I658,High
659,I659,Low
660,I660,Low
661,I661,Low
662,I662,Medium
663,I663,Low
664,I664,Medium
665,I665,High
666,I666,High
667,I667,High
668,I668,Medium
669,I669,Medium
670,I670,High
671,I671,Low
672,I672,Low
673,I673,Low
674,I674,Low
675,I675,Low
676,I676,High
677,I677,Medium
678,I678,Low
679,I679,High
680,I680,Medium
681,I681,Low
682,I682,Medium
683,I683,Medium
684,I684,Medium
685,I685,Medium
686,I686,Medium
687,I687,Low
688,I688,Medium
689,I689,Low
690,I690,High
691,I691,Low
692,I692,Medium
693,I693,Medium
694,I694,High
695,I695,High
696,I696,Medium
697,I697,Low
698,I698,High
699,I699,High
700,I700,Low
701,I701,High
702,I702,Medium
703,I703,Low
704,I704,Low
705,I705,Medium
706,I706,Medium
707,I707,Low
708,I708,Medium
709,I709,Medium
710,I710,Medium
711,I711,Low
712,I712,Medium
713,I713,Low
714,I714,Medium
715,I715,Low
716,I716,Medium
717,I717,High
718,I718,Medium
719,I719,Low
720,I720,High
721,I721,High
722,I722,Medium
723,I723,Low
724,I724,Low
725,I725,Medium
726,I726,Medium
727,I727,Medium
728,I728,Medium
729,I729,Low
730,I730,Low
731,I731,Low
732,I732,Low
733,I733,Low
734,I734,High
735,I735,Medium
736,I736,Medium
737,I737,Medium
738,I738,High
739,I739,Low
740,I740,Medium
741,I741,High
742,I742,High
743,I743,Medium
744,I744,Low
745,I745,Low
746,I746,Medium
747,I747,High
748,I748,High
749,I749,High
750,I750,High
751,I751,Medium
752,I752,Low
753,I753,Low
754,I754,Medium
755,I755,High
756,I756,Medium
757,I757,Low
758,I758,High
759,I759,High
760,I760,Low
761,I761,High
762,I762,High
763,I763,High
764,I764,High
765,I765,Medium
766,I766,Medium
767,I767,High
768,I768,High
769,I769,High
770,I770,High
771,I771,Low
772,I772,High
773,I773,Low
774,I774,Medium
775,I775,High
776,I776,Low
777,I777,Low
778,I778,Medium
779,I779,High
780,I780,High
781,I781,Medium
782,I782,Medium
783,I783,High
784,I784,Medium
785,I785,Medium
786,I786,Medium
787,I787,High
788,I788,Medium
789,I789,High
790,I790,Medium
791,I791,Medium
792,I792,Medium
793,I793,High
794,I794,Medium
795,I795,High
796,I796,High
797,I797,Medium
798,I798,High
799,I799,Medium
800,I800,Low
801,I801,High
802,I802,Low
803,I803,Low
804,I804,Low
805,I805,High
806,I806,Medium
807,I807,Medium
808,I808,Low
809,I809,Low
810,I810,Low
811,I811,Low
812,I812,Medium
813,I813,High
814,I814,Low
815,I815,Low
816,I816,Medium
817,I817,Medium
818,I818,Low
819,I819,Medium
820,I820,Medium
821,I821,Low
822,I822,Low
823,I823,Medium
824,I824,High
825,I825,High
826,I826,Medium
827,I827,Low
828,I828,High
829,I829,Medium
830,I830,Low
831,I831,Low
832,I832,Medium
833,I833,High
834,I834,Low
835,I835,Medium
836,I836,Low
837,I837,High
838,I838,Low
839,I839,Medium
840,I840,High
841,I841,High
842,I842,High
843,I843,High
844,I844,High
845,I845,High
846,I846,Low
847,I847,Medium
848,I848,Low
849,I849,High
850,I850,Medium
851,I851,High
852,I852,Low
853,I853,Low
854,I854,Low
855,I855,High
856,I856,High
857,I857,High
858,I858,High
859,I859,High
860,I860,Medium
861,I861,High
862,I862,High
863,I863,Low
864,I864,High
865,I865,Medium
866,I866,Low
867,I867,Medium
868,I868,Medium
869,I869,High
870,I870,Low
871,I871,Medium
872,I872,Low
873,I873,Medium
874,I874,High
875,I875,High
876,I876,High
877,I877,Low
878,I878,High
879,I879,High
880,I880,High
881,I881,High
882,I882,High
883,I883,Low
884,I884,Low
885,I885,High
886,I886,Low
887,I887,Medium
888,I888,High
889,I889,Medium
890,I890,Low
891,I891,High
892,I892,High
893,I893,Medium
894,I894,Medium
895,I895,Medium
896,I896,High
897,I897,Low
898,I898,Low
899,I899,Medium
900,I900,Low
901,I901,Low
902,I902,High
903,I903,Medium
904,I904,Medium
905,I905,Low
906,I906,Medium
907,I907,Medium
908,I908,High
909,I909,High
910,I910,High
911,I911,High
912,I912,Medium
913,I913,High
914,I914,Low
915,I915,High
916,I916,Low
917,I917,High
918,I918,Medium
919,I919,Medium
920,I920,High
921,I921,Medium
922,I922,Low
923,I923,High
924,I924,High
925,I925,Medium
926,I926,High
927,I927,Low
928,I928,High
929,I929,High
930,I930,High
931,I931,Medium
932,I932,Low
933,I933,Medium
934,I934,High
935,I935,Medium
936,I936,Medium
937,I937,Medium
938,I938,Medium
939,I939,Low
940,I940,Medium
941,I941,Medium
942,I942,Medium
943,I943,High
944,I944,Low
945,I945,Medium
946,I946,Medium
947,I947,High
948,I948,Medium
949,I949,Low
950,I950,Medium
951,I951,Low
952,I952,High
953,I953,High
954,I954,High
955,I955,Low
956,I956,Low
957,I957,High
958,I958,High
959,I959,Medium
960,I960,Medium
961,I961,Medium
962,I962,High
963,I963,Low
964,I964,Medium
965,I965,Medium
966,I966,Medium
967,I967,Medium
968,I968,High
969,I969,Low
970,I970,Low
971,I971,High
972,I972,Medium
973,I973,Medium
974,I974,Low
975,I975,High
976,I976,High
977,I977,Low
978,I978,Low
979,I979,High
980,I980,Low
981,I981,Medium
982,I982,High
983,I983,Medium
984,I984,High
985,I985,Medium
986,I986,Medium
987,I987,Low
988,I988,Medium
989,I989,High
990,I990,High
991,I991,Low
992,I992,Low
993,I993,High
994,I994,Medium
995,I995,Low
996,I996,High
997,I997,Medium
998,I998,Low
999,I999,High
1000,I1000,Low
